experiment,sequence,rep,IDX,t_compress,t_decompress
Main,soldier,0,0,1.2165465354919434,1.3720543384552002
Main,soldier,1,0,1.1755874156951904,1.4341435432434082
Main,soldier,2,0,1.218339443206787,1.3950917720794678
Main,soldier,3,0,1.201087474822998,1.4372057914733887
Main,soldier,4,0,1.231811761856079,1.4057514667510986
Main,soldier,5,0,1.2130866050720215,1.4088892936706543
Main,soldier,6,0,1.2686140537261963,1.4064271450042725
Main,soldier,7,0,1.2375726699829102,1.4159998893737793
Main,soldier,8,0,1.233018398284912,1.407419204711914
Main,soldier,9,0,1.2459027767181396,1.3831102848052979
Main,soldier,10,0,1.2087993621826172,1.405829668045044
Main,soldier,11,0,1.2281203269958496,1.392376184463501
Main,soldier,12,0,1.2663850784301758,1.4123568534851074
Main,soldier,13,0,1.212751865386963,1.4128775596618652
Main,soldier,14,0,1.2457339763641357,1.4081707000732422
Main,soldier,15,0,1.2396862506866455,1.4298875331878662
Main,soldier,16,0,1.2294354438781738,1.4074437618255615
Main,soldier,17,0,1.2035443782806396,1.4142954349517822
Main,soldier,18,0,1.200777530670166,1.4066920280456543
Main,soldier,19,0,1.2323505878448486,1.404308795928955
Main,soldier,20,0,1.2368073463439941,1.3973793983459473
Main,soldier,21,0,1.192450761795044,1.399277925491333
Main,soldier,22,0,1.1897485256195068,1.4103145599365234
Main,soldier,23,0,1.2188560962677002,1.4031453132629395
Main,soldier,24,0,1.2202625274658203,1.4047088623046875
Main,soldier,25,0,1.1980006694793701,1.4017601013183594
Main,soldier,26,0,1.1998977661132812,1.4169304370880127
Main,soldier,27,0,1.1984167098999023,1.3863372802734375
Main,soldier,28,0,1.1989660263061523,1.4231841564178467
Main,soldier,29,0,1.2424805164337158,1.4068686962127686
Main,soldier,0,1,2.4877851009368896,0.43393874168395996
Main,soldier,1,1,2.488062620162964,0.4286172389984131
Main,soldier,2,1,2.499706983566284,0.41659116744995117
Main,soldier,3,1,2.4530014991760254,0.42073583602905273
Main,soldier,4,1,2.4249656200408936,0.4220402240753174
Main,soldier,5,1,2.5291006565093994,0.41594862937927246
Main,soldier,6,1,2.46219801902771,0.4311637878417969
Main,soldier,7,1,2.4847652912139893,0.4140632152557373
Main,soldier,8,1,2.498347520828247,0.42234373092651367
Main,soldier,9,1,2.461951732635498,0.4352538585662842
Main,soldier,10,1,2.477949619293213,0.42877864837646484
Main,soldier,11,1,2.4341232776641846,0.4157752990722656
Main,soldier,12,1,2.459381341934204,0.42812585830688477
Main,soldier,13,1,2.5124013423919678,0.41527867317199707
Main,soldier,14,1,2.4442927837371826,0.4265248775482178
Main,soldier,15,1,2.4651479721069336,0.42069411277770996
Main,soldier,16,1,2.4735403060913086,0.42941951751708984
Main,soldier,17,1,2.4787163734436035,0.4169168472290039
Main,soldier,18,1,2.428523302078247,0.4203174114227295
Main,soldier,19,1,2.4634642601013184,0.4222867488861084
Main,soldier,20,1,2.4608092308044434,0.4133141040802002
Main,soldier,21,1,2.429699420928955,0.41444873809814453
Main,soldier,22,1,2.4457852840423584,0.42385196685791016
Main,soldier,23,1,2.4734818935394287,0.4162411689758301
Main,soldier,24,1,2.443767786026001,0.4213535785675049
Main,soldier,25,1,2.4824163913726807,0.4303097724914551
Main,soldier,26,1,2.4690372943878174,0.42638683319091797
Main,soldier,27,1,2.486973762512207,0.4126763343811035
Main,soldier,28,1,2.449129581451416,0.4317193031311035
Main,soldier,29,1,2.4752891063690186,0.4295539855957031
Main,soldier,0,2,2.117110013961792,0.17075538635253906
Main,soldier,1,2,2.1044867038726807,0.16123509407043457
Main,soldier,2,2,2.102649211883545,0.17075753211975098
Main,soldier,3,2,2.1055374145507812,0.1701033115386963
Main,soldier,4,2,2.145982503890991,0.17208147048950195
Main,soldier,5,2,2.1244149208068848,0.16038012504577637
Main,soldier,6,2,2.118056058883667,0.1698753833770752
Main,soldier,7,2,2.1087565422058105,0.17050552368164062
Main,soldier,8,2,2.1130337715148926,0.17168021202087402
Main,soldier,9,2,2.115760564804077,0.17194628715515137
Main,soldier,10,2,2.0985629558563232,0.17035841941833496
Main,soldier,11,2,2.118746757507324,0.17088580131530762
Main,soldier,12,2,2.120582342147827,0.17080330848693848
Main,soldier,13,2,2.116111993789673,0.1718590259552002
Main,soldier,14,2,2.100318193435669,0.16059565544128418
Main,soldier,15,2,2.1079025268554688,0.16214418411254883
Main,soldier,16,2,2.103123903274536,0.1688246726989746
Main,soldier,17,2,2.113879919052124,0.16158127784729004
Main,soldier,18,2,2.1056020259857178,0.1707613468170166
Main,soldier,19,2,2.1054701805114746,0.17054986953735352
Main,soldier,20,2,2.1304657459259033,0.1711130142211914
Main,soldier,21,2,2.124230146408081,0.16019439697265625
Main,soldier,22,2,2.117488145828247,0.16088509559631348
Main,soldier,23,2,2.1147124767303467,0.170884370803833
Main,soldier,24,2,2.1048693656921387,0.16992449760437012
Main,soldier,25,2,2.108062744140625,0.17131829261779785
Main,soldier,26,2,2.107006549835205,0.16588401794433594
Main,soldier,27,2,2.119171619415283,0.17275285720825195
Main,soldier,28,2,2.116436719894409,0.17063164710998535
Main,soldier,29,2,2.1183602809906006,0.17513322830200195
G-PCC,soldier,0,0,9.522,0.128
G-PCC,soldier,1,0,9.511,0.134
G-PCC,soldier,2,0,9.522,0.129
G-PCC,soldier,3,0,9.541,0.13
G-PCC,soldier,4,0,9.485,0.128
G-PCC,soldier,5,0,9.495,0.139
G-PCC,soldier,6,0,9.524,0.133
G-PCC,soldier,7,0,9.504,0.134
G-PCC,soldier,8,0,9.536,0.137
G-PCC,soldier,9,0,9.496,0.13
G-PCC,soldier,10,0,9.483,0.136
G-PCC,soldier,11,0,9.508,0.137
G-PCC,soldier,12,0,9.51,0.128
G-PCC,soldier,13,0,9.501,0.138
G-PCC,soldier,14,0,9.527,0.122
G-PCC,soldier,15,0,9.5,0.136
G-PCC,soldier,16,0,9.462,0.135
G-PCC,soldier,17,0,9.497,0.129
G-PCC,soldier,18,0,9.489,0.135
G-PCC,soldier,19,0,9.525,0.131
G-PCC,soldier,20,0,9.507,0.141
G-PCC,soldier,21,0,9.491,0.13
G-PCC,soldier,22,0,9.459,0.134
G-PCC,soldier,23,0,9.494,0.132
G-PCC,soldier,24,0,9.536,0.135
G-PCC,soldier,25,0,9.521,0.131
G-PCC,soldier,26,0,9.493,0.128
G-PCC,soldier,27,0,9.5,0.128
G-PCC,soldier,28,0,9.496,0.144
G-PCC,soldier,29,0,9.499,0.13
G-PCC,soldier,0,1,8.046,0.416
G-PCC,soldier,1,1,8.061,0.424
G-PCC,soldier,2,1,8.023,0.403
G-PCC,soldier,3,1,8.09,0.415
G-PCC,soldier,4,1,8.067,0.405
G-PCC,soldier,5,1,8.072,0.408
G-PCC,soldier,6,1,8.023,0.406
G-PCC,soldier,7,1,8.077,0.415
G-PCC,soldier,8,1,8.035,0.422
G-PCC,soldier,9,1,8.06,0.412
G-PCC,soldier,10,1,8.033,0.412
G-PCC,soldier,11,1,8.058,0.407
G-PCC,soldier,12,1,8.049,0.403
G-PCC,soldier,13,1,8.017,0.404
G-PCC,soldier,14,1,8.027,0.411
G-PCC,soldier,15,1,8.054,0.403
G-PCC,soldier,16,1,8.086,0.42
G-PCC,soldier,17,1,8.068,0.393
G-PCC,soldier,18,1,8.065,0.414
G-PCC,soldier,19,1,8.015,0.42
G-PCC,soldier,20,1,8.001,0.404
G-PCC,soldier,21,1,8.086,0.418
G-PCC,soldier,22,1,8.091,0.417
G-PCC,soldier,23,1,8.033,0.41
G-PCC,soldier,24,1,8.076,0.413
G-PCC,soldier,25,1,8.077,0.413
G-PCC,soldier,26,1,8.03,0.407
G-PCC,soldier,27,1,8.033,0.421
G-PCC,soldier,28,1,8.042,0.42
G-PCC,soldier,29,1,8.059,0.424
G-PCC,soldier,0,2,11.706,1.497
G-PCC,soldier,1,2,11.677,1.507
G-PCC,soldier,2,2,11.654,1.499
G-PCC,soldier,3,2,11.661,1.471
G-PCC,soldier,4,2,11.693,1.468
G-PCC,soldier,5,2,11.657,1.505
G-PCC,soldier,6,2,11.632,1.508
G-PCC,soldier,7,2,11.711,1.465
G-PCC,soldier,8,2,11.745,1.528
G-PCC,soldier,9,2,11.708,1.508
G-PCC,soldier,10,2,11.709,1.498
G-PCC,soldier,11,2,11.677,1.503
G-PCC,soldier,12,2,11.681,1.448
G-PCC,soldier,13,2,11.621,1.509
G-PCC,soldier,14,2,11.69,1.482
G-PCC,soldier,15,2,11.684,1.509
G-PCC,soldier,16,2,11.677,1.486
G-PCC,soldier,17,2,11.759,1.462
G-PCC,soldier,18,2,11.617,1.494
G-PCC,soldier,19,2,11.685,1.505
G-PCC,soldier,20,2,11.699,1.522
G-PCC,soldier,21,2,11.618,1.497
G-PCC,soldier,22,2,11.63,1.478
G-PCC,soldier,23,2,11.69,1.506
G-PCC,soldier,24,2,11.631,1.513
G-PCC,soldier,25,2,11.618,1.478
G-PCC,soldier,26,2,11.669,1.502
G-PCC,soldier,27,2,11.633,1.488
G-PCC,soldier,28,2,11.696,1.489
G-PCC,soldier,29,2,11.681,1.512
G-PCC,soldier,0,3,18.678,3.197
G-PCC,soldier,1,3,18.717,3.27
G-PCC,soldier,2,3,18.705,3.232
G-PCC,soldier,3,3,18.601,3.178
G-PCC,soldier,4,3,18.663,3.273
G-PCC,soldier,5,3,18.752,3.223
G-PCC,soldier,6,3,18.655,3.286
G-PCC,soldier,7,3,18.682,3.229
G-PCC,soldier,8,3,18.787,3.181
G-PCC,soldier,9,3,18.604,3.266
G-PCC,soldier,10,3,18.641,3.229
G-PCC,soldier,11,3,18.749,3.247
G-PCC,soldier,12,3,18.664,3.254
G-PCC,soldier,13,3,18.767,3.194
G-PCC,soldier,14,3,18.683,3.27
G-PCC,soldier,15,3,18.699,3.207
G-PCC,soldier,16,3,18.761,3.292
G-PCC,soldier,17,3,18.688,3.191
G-PCC,soldier,18,3,18.631,3.276
G-PCC,soldier,19,3,18.685,3.253
G-PCC,soldier,20,3,18.661,3.228
G-PCC,soldier,21,3,18.714,3.227
G-PCC,soldier,22,3,18.611,3.255
G-PCC,soldier,23,3,18.645,3.249
G-PCC,soldier,24,3,18.726,3.255
G-PCC,soldier,25,3,18.624,3.166
G-PCC,soldier,26,3,18.687,3.272
G-PCC,soldier,27,3,18.706,3.239
G-PCC,soldier,28,3,18.696,3.175
G-PCC,soldier,29,3,18.57,3.228
G-PCC,soldier,0,4,22.602,4.349
G-PCC,soldier,1,4,22.62,4.228
G-PCC,soldier,2,4,22.664,4.206
G-PCC,soldier,3,4,22.65,4.341
G-PCC,soldier,4,4,22.728,4.234
G-PCC,soldier,5,4,22.588,4.181
G-PCC,soldier,6,4,22.622,4.326
G-PCC,soldier,7,4,22.633,4.315
G-PCC,soldier,8,4,22.604,4.284
G-PCC,soldier,9,4,22.657,4.235
G-PCC,soldier,10,4,22.785,4.306
G-PCC,soldier,11,4,22.757,4.208
G-PCC,soldier,12,4,22.694,4.306
G-PCC,soldier,13,4,22.692,4.311
G-PCC,soldier,14,4,22.667,4.304
G-PCC,soldier,15,4,22.659,4.302
G-PCC,soldier,16,4,22.525,4.246
G-PCC,soldier,17,4,22.797,4.207
G-PCC,soldier,18,4,22.605,4.308
G-PCC,soldier,19,4,22.736,4.311
G-PCC,soldier,20,4,22.76,4.342
G-PCC,soldier,21,4,22.524,4.299
G-PCC,soldier,22,4,22.602,4.299
G-PCC,soldier,23,4,22.723,4.338
G-PCC,soldier,24,4,22.604,4.276
G-PCC,soldier,25,4,22.657,4.324
G-PCC,soldier,26,4,22.786,4.227
G-PCC,soldier,27,4,22.716,4.176
G-PCC,soldier,28,4,22.558,4.279
G-PCC,soldier,29,4,22.732,4.318
G-PCC,soldier,0,5,24.886,4.893
G-PCC,soldier,1,5,24.894,4.903
G-PCC,soldier,2,5,24.76,4.872
G-PCC,soldier,3,5,24.878,4.796
G-PCC,soldier,4,5,24.899,4.914
G-PCC,soldier,5,5,24.91,4.785
G-PCC,soldier,6,5,24.775,4.837
G-PCC,soldier,7,5,24.887,4.867
G-PCC,soldier,8,5,24.817,4.887
G-PCC,soldier,9,5,24.866,4.833
G-PCC,soldier,10,5,24.802,4.888
G-PCC,soldier,11,5,24.844,4.9
G-PCC,soldier,12,5,24.783,4.899
G-PCC,soldier,13,5,24.764,4.841
G-PCC,soldier,14,5,24.756,4.945
G-PCC,soldier,15,5,24.844,4.899
G-PCC,soldier,16,5,24.82,4.912
G-PCC,soldier,17,5,24.8,4.935
G-PCC,soldier,18,5,24.754,4.874
G-PCC,soldier,19,5,24.826,4.876
G-PCC,soldier,20,5,24.852,4.964
G-PCC,soldier,21,5,24.798,4.795
G-PCC,soldier,22,5,24.781,4.909
G-PCC,soldier,23,5,24.905,4.87
G-PCC,soldier,24,5,24.988,4.926
G-PCC,soldier,25,5,24.789,4.884
G-PCC,soldier,26,5,24.837,4.843
G-PCC,soldier,27,5,24.888,4.867
G-PCC,soldier,28,5,24.801,4.893
G-PCC,soldier,29,5,24.891,4.923
IT-DL-PCC,soldier,0,0,176.58218717575073,45.37583041191101
IT-DL-PCC,soldier,1,0,178.19868636131287,45.0890896320343
IT-DL-PCC,soldier,2,0,176.93170380592346,45.30035638809204
IT-DL-PCC,soldier,3,0,177.48295712471008,45.18740367889404
IT-DL-PCC,soldier,4,0,176.5707528591156,45.30029630661011
IT-DL-PCC,soldier,5,0,177.14476823806763,45.32760405540466
IT-DL-PCC,soldier,6,0,176.39526772499084,45.296597480773926
IT-DL-PCC,soldier,7,0,176.52593111991882,45.30962872505188
IT-DL-PCC,soldier,8,0,179.20856022834778,45.100409746170044
IT-DL-PCC,soldier,9,0,179.36654615402222,45.151183128356934
IT-DL-PCC,soldier,10,0,176.56501579284668,45.71971392631531
IT-DL-PCC,soldier,11,0,176.95627617835999,44.75931477546692
IT-DL-PCC,soldier,12,0,175.62078309059143,45.26112937927246
IT-DL-PCC,soldier,13,0,176.9750053882599,45.65352773666382
IT-DL-PCC,soldier,14,0,176.68220019340515,45.280094146728516
IT-DL-PCC,soldier,15,0,177.14498853683472,45.300761222839355
IT-DL-PCC,soldier,16,0,177.27461004257202,45.33378982543945
IT-DL-PCC,soldier,17,0,176.17986369132996,45.321696758270264
IT-DL-PCC,soldier,18,0,176.62794947624207,45.52824687957764
IT-DL-PCC,soldier,19,0,176.9729039669037,45.30148696899414
IT-DL-PCC,soldier,20,0,176.88355612754822,45.44331693649292
IT-DL-PCC,soldier,21,0,177.50806403160095,45.248804569244385
IT-DL-PCC,soldier,22,0,177.08978629112244,45.43224787712097
IT-DL-PCC,soldier,23,0,177.45080471038818,45.50903534889221
IT-DL-PCC,soldier,24,0,176.091796875,45.5574471950531
IT-DL-PCC,soldier,25,0,176.40872740745544,45.50371837615967
IT-DL-PCC,soldier,26,0,176.27552795410156,45.4567449092865
IT-DL-PCC,soldier,27,0,176.37826299667358,45.29849815368652
IT-DL-PCC,soldier,28,0,177.27288627624512,45.383026361465454
IT-DL-PCC,soldier,29,0,177.08572506904602,45.50835967063904
IT-DL-PCC,soldier,0,1,57.85743546485901,15.06917119026184
IT-DL-PCC,soldier,1,1,58.22148108482361,15.005632638931274
IT-DL-PCC,soldier,2,1,58.5512318611145,14.57599663734436
IT-DL-PCC,soldier,3,1,56.96575880050659,14.919123888015747
IT-DL-PCC,soldier,4,1,56.99464178085327,14.56176233291626
IT-DL-PCC,soldier,5,1,56.81842398643494,14.988136053085327
IT-DL-PCC,soldier,6,1,58.20234704017639,15.190869569778442
IT-DL-PCC,soldier,7,1,57.86319422721863,14.920967817306519
IT-DL-PCC,soldier,8,1,57.93303632736206,14.95615816116333
IT-DL-PCC,soldier,9,1,57.976648807525635,14.955820083618164
IT-DL-PCC,soldier,10,1,57.84035038948059,15.031760454177856
IT-DL-PCC,soldier,11,1,57.86385416984558,15.014214754104614
IT-DL-PCC,soldier,12,1,57.76461672782898,15.01857304573059
IT-DL-PCC,soldier,13,1,57.766626596450806,14.962053298950195
IT-DL-PCC,soldier,14,1,57.85848593711853,14.961822509765625
IT-DL-PCC,soldier,15,1,57.72092080116272,15.0285804271698
IT-DL-PCC,soldier,16,1,58.107152462005615,15.002341985702515
IT-DL-PCC,soldier,17,1,57.79562044143677,14.99061632156372
IT-DL-PCC,soldier,18,1,57.72130751609802,15.003196477890015
IT-DL-PCC,soldier,19,1,58.751574993133545,14.999710083007812
IT-DL-PCC,soldier,20,1,56.85416865348816,15.035313844680786
IT-DL-PCC,soldier,21,1,57.81756925582886,15.001766204833984
IT-DL-PCC,soldier,22,1,57.86930203437805,15.017734289169312
IT-DL-PCC,soldier,23,1,57.82532978057861,15.018171310424805
IT-DL-PCC,soldier,24,1,57.89772653579712,15.018721342086792
IT-DL-PCC,soldier,25,1,57.84462070465088,14.529955625534058
IT-DL-PCC,soldier,26,1,57.845396995544434,15.06039810180664
IT-DL-PCC,soldier,27,1,58.45502042770386,15.004067659378052
IT-DL-PCC,soldier,28,1,57.87145161628723,14.99648118019104
IT-DL-PCC,soldier,29,1,57.920135498046875,15.00597858428955
IT-DL-PCC,soldier,0,2,219.17846179008484,46.528656244277954
IT-DL-PCC,soldier,1,2,221.64739632606506,47.07929873466492
IT-DL-PCC,soldier,2,2,218.82509851455688,46.60891628265381
IT-DL-PCC,soldier,3,2,219.4187457561493,46.55982208251953
IT-DL-PCC,soldier,4,2,218.4839518070221,46.968860387802124
IT-DL-PCC,soldier,5,2,221.587411403656,46.77883577346802
IT-DL-PCC,soldier,6,2,219.39778590202332,46.62845754623413
IT-DL-PCC,soldier,7,2,219.13997173309326,46.98430848121643
IT-DL-PCC,soldier,8,2,219.69095468521118,46.92557334899902
IT-DL-PCC,soldier,9,2,219.67766189575195,46.86291575431824
IT-DL-PCC,soldier,10,2,218.82984256744385,47.263418436050415
IT-DL-PCC,soldier,11,2,219.31727290153503,45.99990272521973
IT-DL-PCC,soldier,12,2,220.05605173110962,46.84648633003235
IT-DL-PCC,soldier,13,2,218.88459753990173,46.9085488319397
IT-DL-PCC,soldier,14,2,217.97583031654358,47.48657751083374
IT-DL-PCC,soldier,15,2,219.4181694984436,46.79905962944031
IT-DL-PCC,soldier,16,2,217.5149323940277,46.9761438369751
IT-DL-PCC,soldier,17,2,218.8606448173523,47.093671560287476
IT-DL-PCC,soldier,18,2,219.05633234977722,46.74092698097229
IT-DL-PCC,soldier,19,2,218.38455438613892,46.69230771064758
IT-DL-PCC,soldier,20,2,219.0559389591217,46.68354535102844
IT-DL-PCC,soldier,21,2,221.52359175682068,47.41533136367798
IT-DL-PCC,soldier,22,2,219.1491413116455,47.22178649902344
IT-DL-PCC,soldier,23,2,218.97515225410461,46.63387632369995
IT-DL-PCC,soldier,24,2,219.006920337677,47.10634636878967
IT-DL-PCC,soldier,25,2,218.28423595428467,47.111663579940796
IT-DL-PCC,soldier,26,2,219.2423095703125,47.01591944694519
IT-DL-PCC,soldier,27,2,219.2564766407013,47.03648829460144
IT-DL-PCC,soldier,28,2,217.71696376800537,47.10806226730347
IT-DL-PCC,soldier,29,2,218.28067183494568,45.93199563026428
IT-DL-PCC,soldier,0,3,26.297818899154663,7.154116868972778
IT-DL-PCC,soldier,1,3,26.38573408126831,7.159236669540405
IT-DL-PCC,soldier,2,3,26.065351724624634,7.1518778800964355
IT-DL-PCC,soldier,3,3,25.5122230052948,7.146669149398804
IT-DL-PCC,soldier,4,3,26.28590202331543,7.1221020221710205
IT-DL-PCC,soldier,5,3,26.298671007156372,7.166383981704712
IT-DL-PCC,soldier,6,3,26.213263511657715,6.838078022003174
IT-DL-PCC,soldier,7,3,26.382197618484497,7.147271394729614
IT-DL-PCC,soldier,8,3,26.338973999023438,7.159784317016602
IT-DL-PCC,soldier,9,3,26.43065357208252,7.142345428466797
IT-DL-PCC,soldier,10,3,26.572036504745483,7.152440309524536
IT-DL-PCC,soldier,11,3,26.00206422805786,7.159265041351318
IT-DL-PCC,soldier,12,3,26.789247274398804,7.129231214523315
IT-DL-PCC,soldier,13,3,26.562403678894043,7.162599563598633
IT-DL-PCC,soldier,14,3,26.45623207092285,7.142597436904907
IT-DL-PCC,soldier,15,3,26.218984603881836,7.192148923873901
IT-DL-PCC,soldier,16,3,25.73910140991211,7.167179822921753
IT-DL-PCC,soldier,17,3,26.35192108154297,7.151153802871704
IT-DL-PCC,soldier,18,3,26.099950075149536,7.139250993728638
IT-DL-PCC,soldier,19,3,26.278019905090332,7.154609203338623
IT-DL-PCC,soldier,20,3,26.368800163269043,7.151562213897705
IT-DL-PCC,soldier,21,3,25.425530910491943,7.136337518692017
IT-DL-PCC,soldier,22,3,26.5673770904541,7.170408487319946
IT-DL-PCC,soldier,23,3,26.30108094215393,7.209461688995361
IT-DL-PCC,soldier,24,3,26.38818359375,7.20022988319397
IT-DL-PCC,soldier,25,3,26.37770915031433,7.125253200531006
IT-DL-PCC,soldier,26,3,26.28403663635254,7.146121978759766
IT-DL-PCC,soldier,27,3,26.44434356689453,7.171862363815308
IT-DL-PCC,soldier,28,3,25.813524961471558,7.14586877822876
IT-DL-PCC,soldier,29,3,26.461536169052124,6.925828218460083
IT-DL-PCC,soldier,0,4,339.55521392822266,93.41787242889404
IT-DL-PCC,soldier,1,4,340.5670940876007,93.38432788848877
IT-DL-PCC,soldier,2,4,340.1762523651123,93.43264102935791
IT-DL-PCC,soldier,3,4,340.0452194213867,93.33418440818787
IT-DL-PCC,soldier,4,4,342.7723443508148,93.37602543830872
IT-DL-PCC,soldier,5,4,340.58524537086487,93.25509572029114
IT-DL-PCC,soldier,6,4,340.2476453781128,90.56281590461731
IT-DL-PCC,soldier,7,4,339.88900566101074,91.40279531478882
IT-DL-PCC,soldier,8,4,340.9710736274719,93.35877203941345
IT-DL-PCC,soldier,9,4,340.1901230812073,93.31010842323303
IT-DL-PCC,soldier,10,4,341.84484362602234,93.48392176628113
IT-DL-PCC,soldier,11,4,340.68298506736755,93.45104026794434
IT-DL-PCC,soldier,12,4,340.2895369529724,93.31886291503906
IT-DL-PCC,soldier,13,4,344.6897346973419,93.34182357788086
IT-DL-PCC,soldier,14,4,340.34841775894165,93.3464150428772
IT-DL-PCC,soldier,15,4,340.2928385734558,93.37009143829346
IT-DL-PCC,soldier,16,4,342.0005416870117,93.38073086738586
IT-DL-PCC,soldier,17,4,340.12276220321655,93.54891777038574
IT-DL-PCC,soldier,18,4,340.26392102241516,93.2993848323822
IT-DL-PCC,soldier,19,4,345.0146701335907,93.39293313026428
IT-DL-PCC,soldier,20,4,341.0996036529541,93.31029772758484
IT-DL-PCC,soldier,21,4,340.4099085330963,93.43013858795166
IT-DL-PCC,soldier,22,4,340.439400434494,93.52417612075806
IT-DL-PCC,soldier,23,4,339.4695999622345,93.34841632843018
IT-DL-PCC,soldier,24,4,339.9816291332245,93.33189630508423
IT-DL-PCC,soldier,25,4,340.51355600357056,93.39231014251709
IT-DL-PCC,soldier,26,4,340.3533298969269,93.32761526107788
IT-DL-PCC,soldier,27,4,339.9819622039795,93.45794820785522
IT-DL-PCC,soldier,28,4,341.19134736061096,93.27660512924194
IT-DL-PCC,soldier,29,4,340.8770544528961,93.34042263031006
V-PCC,soldier,0,0,64.915,2.189
V-PCC,soldier,1,0,65.345,2.336
V-PCC,soldier,2,0,66.191,2.134
V-PCC,soldier,3,0,64.765,2.125
V-PCC,soldier,4,0,64.957,2.174
V-PCC,soldier,5,0,65.444,2.327
V-PCC,soldier,6,0,65.968,2.086
V-PCC,soldier,7,0,64.732,2.122
V-PCC,soldier,8,0,65.146,2.209
V-PCC,soldier,9,0,65.606,2.324
V-PCC,soldier,10,0,65.864,2.134
V-PCC,soldier,11,0,64.67,2.144
V-PCC,soldier,12,0,65.013,2.232
V-PCC,soldier,13,0,65.519,2.34
V-PCC,soldier,14,0,65.987,2.071
V-PCC,soldier,15,0,65.201,2.175
V-PCC,soldier,16,0,64.977,2.222
V-PCC,soldier,17,0,65.493,2.362
V-PCC,soldier,18,0,66.047,2.151
V-PCC,soldier,19,0,64.558,2.152
V-PCC,soldier,20,0,65.067,2.248
V-PCC,soldier,21,0,65.591,2.351
V-PCC,soldier,22,0,65.975,2.09
V-PCC,soldier,23,0,64.667,2.131
V-PCC,soldier,24,0,64.837,2.228
V-PCC,soldier,25,0,65.379,2.366
V-PCC,soldier,26,0,66.004,2.103
V-PCC,soldier,27,0,64.515,2.136
V-PCC,soldier,28,0,65.184,2.267
V-PCC,soldier,29,0,65.509,2.37
V-PCC,soldier,0,1,83.851,2.273
V-PCC,soldier,1,1,84.121,2.352
V-PCC,soldier,2,1,84.842,2.461
V-PCC,soldier,3,1,85.17,2.226
V-PCC,soldier,4,1,83.864,2.269
V-PCC,soldier,5,1,84.229,2.347
V-PCC,soldier,6,1,84.469,2.484
V-PCC,soldier,7,1,85.346,2.212
V-PCC,soldier,8,1,83.847,2.294
V-PCC,soldier,9,1,84.098,2.3
V-PCC,soldier,10,1,84.705,2.435
V-PCC,soldier,11,1,85.008,2.22
V-PCC,soldier,12,1,83.937,2.241
V-PCC,soldier,13,1,84.206,2.36
V-PCC,soldier,14,1,84.462,2.448
V-PCC,soldier,15,1,85.15,2.208
V-PCC,soldier,16,1,83.904,2.228
V-PCC,soldier,17,1,84.141,2.293
V-PCC,soldier,18,1,84.696,2.469
V-PCC,soldier,19,1,85.031,2.177
V-PCC,soldier,20,1,83.765,2.277
V-PCC,soldier,21,1,84.122,2.327
V-PCC,soldier,22,1,84.75,2.459
V-PCC,soldier,23,1,85.146,2.179
V-PCC,soldier,24,1,83.815,2.229
V-PCC,soldier,25,1,84.071,2.31
V-PCC,soldier,26,1,85.024,2.462
V-PCC,soldier,27,1,83.753,2.188
V-PCC,soldier,28,1,84.259,2.274
V-PCC,soldier,29,1,84.638,2.322
V-PCC,soldier,0,2,299.625,2.173
V-PCC,soldier,1,2,298.905,2.21
V-PCC,soldier,2,2,298.064,2.219
V-PCC,soldier,3,2,297.34,2.197
V-PCC,soldier,4,2,297.564,2.382
V-PCC,soldier,5,2,299.33,2.168
V-PCC,soldier,6,2,298.43,2.134
V-PCC,soldier,7,2,297.555,2.179
V-PCC,soldier,8,2,298.89,2.285
V-PCC,soldier,9,2,299.473,2.392
V-PCC,soldier,10,2,298.246,2.225
V-PCC,soldier,11,2,299.225,2.205
V-PCC,soldier,12,2,298.805,2.384
V-PCC,soldier,13,2,298.944,2.155
V-PCC,soldier,14,2,298.484,2.183
V-PCC,soldier,15,2,298.414,2.256
V-PCC,soldier,16,2,298.292,2.412
V-PCC,soldier,17,2,298.749,2.185
V-PCC,soldier,18,2,298.615,2.156
V-PCC,soldier,19,2,298.093,2.275
V-PCC,soldier,20,2,298.652,2.412
V-PCC,soldier,21,2,299.395,2.116
V-PCC,soldier,22,2,298.722,2.174
V-PCC,soldier,23,2,298.223,2.242
V-PCC,soldier,24,2,298.46,2.376
V-PCC,soldier,25,2,299.251,2.106
V-PCC,soldier,26,2,298.522,2.142
V-PCC,soldier,27,2,298.01,2.242
V-PCC,soldier,28,2,298.76,2.35
V-PCC,soldier,29,2,299.697,2.151
V-PCC,soldier,0,3,477.889,2.194
V-PCC,soldier,1,3,478.377,2.348
V-PCC,soldier,2,3,478.261,2.098
V-PCC,soldier,3,3,478.977,2.113
V-PCC,soldier,4,3,477.912,2.184
V-PCC,soldier,5,3,477.775,2.317
V-PCC,soldier,6,3,479.382,2.096
V-PCC,soldier,7,3,478.307,2.139
V-PCC,soldier,8,3,477.213,2.154
V-PCC,soldier,9,3,477.403,2.129
V-PCC,soldier,10,3,477.317,2.22
V-PCC,soldier,11,3,482.1,2.345
V-PCC,soldier,12,3,477.2,2.131
V-PCC,soldier,13,3,477.09,2.116
V-PCC,soldier,14,3,478.401,2.215
V-PCC,soldier,15,3,478.321,2.105
V-PCC,soldier,16,3,478.011,2.138
V-PCC,soldier,17,3,477.881,2.208
V-PCC,soldier,18,3,477.478,2.324
V-PCC,soldier,19,3,479.685,2.136
V-PCC,soldier,20,3,476.855,2.106
V-PCC,soldier,21,3,476.939,2.151
V-PCC,soldier,22,3,477.958,2.323
V-PCC,soldier,23,3,478.197,2.11
V-PCC,soldier,24,3,476.468,2.147
V-PCC,soldier,25,3,477.612,2.172
V-PCC,soldier,26,3,478.306,2.33
V-PCC,soldier,27,3,477.845,2.125
V-PCC,soldier,28,3,479.15,2.15
V-PCC,soldier,29,3,477.327,2.218
V-PCC,soldier,0,4,691.452,2.239
V-PCC,soldier,1,4,690.358,2.244
V-PCC,soldier,2,4,688.591,2.28
V-PCC,soldier,3,4,692.012,2.445
V-PCC,soldier,4,4,689.865,2.186
V-PCC,soldier,5,4,687.44,2.184
V-PCC,soldier,6,4,689.271,2.28
V-PCC,soldier,7,4,689.789,2.456
V-PCC,soldier,8,4,689.457,2.169
V-PCC,soldier,9,4,689.212,2.234
V-PCC,soldier,10,4,689.069,2.303
V-PCC,soldier,11,4,688.753,2.396
V-PCC,soldier,12,4,691.88,2.221
V-PCC,soldier,13,4,689.711,2.176
V-PCC,soldier,14,4,690.076,2.188
V-PCC,soldier,15,4,689.28,2.22
V-PCC,soldier,16,4,689.169,2.416
V-PCC,soldier,17,4,692.664,2.21
V-PCC,soldier,18,4,690.622,2.247
V-PCC,soldier,19,4,688.11,2.301
V-PCC,soldier,20,4,691.573,2.429
V-PCC,soldier,21,4,690.494,2.201
V-PCC,soldier,22,4,689.692,2.252
V-PCC,soldier,23,4,687.6,2.282
V-PCC,soldier,24,4,689.93,2.414
V-PCC,soldier,25,4,691.955,2.19
V-PCC,soldier,26,4,688.793,2.202
V-PCC,soldier,27,4,689.689,2.241
V-PCC,soldier,28,4,690.665,2.399
V-PCC,soldier,29,4,689.801,2.163
V-PCC,soldier,0,5,885.455,2.377
V-PCC,soldier,1,5,886.901,2.544
V-PCC,soldier,2,5,885.494,2.257
V-PCC,soldier,3,5,884.861,2.338
V-PCC,soldier,4,5,883.815,2.393
V-PCC,soldier,5,5,886.339,2.521
V-PCC,soldier,6,5,887.212,2.262
V-PCC,soldier,7,5,886.748,2.325
V-PCC,soldier,8,5,888.42,2.256
V-PCC,soldier,9,5,885.155,2.266
V-PCC,soldier,10,5,886.545,2.397
V-PCC,soldier,11,5,889.129,2.488
V-PCC,soldier,12,5,886.335,2.254
V-PCC,soldier,13,5,884.532,2.392
V-PCC,soldier,14,5,885.002,2.5
V-PCC,soldier,15,5,888.679,2.292
V-PCC,soldier,16,5,885.602,2.314
V-PCC,soldier,17,5,884.844,2.35
V-PCC,soldier,18,5,888.843,2.259
V-PCC,soldier,19,5,886.317,2.269
V-PCC,soldier,20,5,885.457,2.313
V-PCC,soldier,21,5,886.037,2.376
V-PCC,soldier,22,5,885.766,2.505
V-PCC,soldier,23,5,884.826,2.291
V-PCC,soldier,24,5,883.592,2.298
V-PCC,soldier,25,5,885.59,2.43
V-PCC,soldier,26,5,886.133,2.272
V-PCC,soldier,27,5,889.033,2.309
V-PCC,soldier,28,5,884.917,2.373
V-PCC,soldier,29,5,887.035,2.505
DeepPCC,soldier,0,0,21.0,333.0
JPEG Pleno PCC,soldier,0,0,44.0,36.2